{"text": " U\u011fur ne haber karde\u015fim?", "segments": [{"id": 0, "seek": 0, "start": 0.0, "end": 1.82, "text": " U\u011fur ne haber karde\u015fim?", "tokens": [50365, 624, 1640, 374, 408, 15811, 38070, 30, 50456], "temperature": 0.0, "avg_logprob": -0.4724771499633789, "compression_ratio": 0.7575757575757576, "no_speech_prob": 1.2719716946385518e-10}], "language": "Turkish"}