{"text": " Kanka benim laptop'un fan\u0131 d\u00f6nerken b\u00f6yle g\u0131c\u0131rt\u0131 \u00e7\u0131kar\u0131yor. Bir de zor d\u00f6n\u00fcyor yani belli ki bir s\u0131k\u0131nt\u0131 var d\u00f6nmede. Ben buna zeytinya\u011f\u0131 ya da ay\u00e7i\u00e7ek ya\u011f\u0131 falan damlatsam olur mu? Yoksa illa b\u00f6yle motor ya\u011f\u0131 falan m\u0131 laz\u0131m?", "segments": [{"id": 0, "seek": 0, "start": 0.52, "end": 5.74, "text": " Kanka benim laptop'un fan\u0131 d\u00f6nerken b\u00f6yle g\u0131c\u0131rt\u0131 \u00e7\u0131kar\u0131yor.", "tokens": [50391, 591, 21729, 13818, 10732, 6, 409, 3429, 699, 26089, 1193, 2653, 11018, 290, 699, 66, 3702, 28163, 41097, 7618, 13, 50652], "temperature": 0.0, "avg_logprob": -0.149324369430542, "compression_ratio": 1.3621621621621622, "no_speech_prob": 1.0255046811735724e-11}, {"id": 1, "seek": 0, "start": 6.44, "end": 10.28, "text": " Bir de zor d\u00f6n\u00fcyor yani belli ki bir s\u0131k\u0131nt\u0131 var d\u00f6nmede.", "tokens": [50687, 7145, 368, 22304, 24782, 18644, 11654, 48006, 6315, 1904, 30046, 42234, 699, 1374, 24782, 1912, 68, 13, 50879], "temperature": 0.0, "avg_logprob": -0.149324369430542, "compression_ratio": 1.3621621621621622, "no_speech_prob": 1.0255046811735724e-11}, {"id": 2, "seek": 0, "start": 11.24, "end": 16.6, "text": " Ben buna zeytinya\u011f\u0131 ya da ay\u00e7i\u00e7ek ya\u011f\u0131 falan damlatsam olur mu?", "tokens": [50927, 3964, 44257, 710, 2030, 23159, 3016, 17404, 2478, 1120, 7494, 45860, 19088, 2478, 17404, 21474, 2422, 75, 1720, 335, 16538, 2992, 30, 51195], "temperature": 0.0, "avg_logprob": -0.149324369430542, "compression_ratio": 1.3621621621621622, "no_speech_prob": 1.0255046811735724e-11}, {"id": 3, "seek": 0, "start": 16.86, "end": 19.86, "text": " Yoksa illa b\u00f6yle motor ya\u011f\u0131 falan m\u0131 laz\u0131m?", "tokens": [51208, 18480, 5790, 3171, 64, 11018, 5932, 2478, 17404, 21474, 9251, 23951, 30, 51358], "temperature": 0.0, "avg_logprob": -0.149324369430542, "compression_ratio": 1.3621621621621622, "no_speech_prob": 1.0255046811735724e-11}], "language": "Turkish"}